NickLector, NombreRol
fsplevings0,Novel
asprowson1,Novel
bbashford2,Novel
bhurdman3,Novel
bmalim4,Novel
etrevarthen5,Novel
cratazzi6,Novel
mphillott7,Novel
sflement8,Novel
jcarabet9,Novel
asidgwicka,Novel
cbourrelb,Novel
egossanc,Novel
mredfieldd,Novel
eilsleye,Novel
eemorf,Novel
jcordseng,Novel
bhutchingsh,Novel
sgrigolettii,Novel
obrewittj,Novel
emiellk,Novel
bscranel,Novel
yspohrm,Novel
vbrissendenn,Novel
bkolakovico,Novel
rwillingalep,Novel
dmyottq,Novel
poutramr,Novel
awethericks,Novel
lesmeadt,Novel
creppu,Novel
lswabyv,Novel
bellifw,Novel
scelesx,Novel
dhoviey,Novel
dtrekerz,Novel
ndewar10,Novel
kwallworth11,Novel
mstotherfield12,Novel
fbrooksby13,Novel
nhulett14,Novel
lpittham15,Novel
pchislett16,Novel
ldanneil17,Novel
kolcot18,Novel
dcreeber19,Novel
ljeavon1a,Novel
ofanti1b,Novel
nalvaro1c,Novel
rvasey1d,Novel
aradborn1e,Novel
ohannay1f,Novel
gvango1g,Novel
pblackhurst1h,Novel
aheningam1i,Novel
obusain1j,Novel
ncohalan1k,Novel
nneve1l,Novel
aharrad1m,Novel
dfairbard1n,Novel
kblondell1o,Novel
bmassy1p,Novel
mridett1q,Novel
ycastelow1r,Novel
ceverest1s,Novel
jlindfors1t,Novel
lesmeadt,Estandar
creppu,Estandar
lswabyv,Estandar
bellifw,Estandar
scelesx,Estandar
dhoviey,Estandar
dtrekerz,Estandar
ndewar10,Estandar
kwallworth11,Estandar
mstotherfield12,Estandar
fbrooksby13,Estandar
nhulett14,Estandar
lpittham15,Estandar
pchislett16,Estandar
ldanneil17,Estandar
kolcot18,Estandar
dcreeber19,Estandar
ljeavon1a,Estandar
ofanti1b,Estandar
nalvaro1c,Estandar
rvasey1d,Estandar
aradborn1e,Estandar
ohannay1f,Estandar
gvango1g,Estandar
pblackhurst1h,Estandar
aheningam1i,Estandar
obusain1j,Estandar
ncohalan1k,Estandar
nneve1l,Estandar
aharrad1m,Estandar
dfairbard1n,Estandar
kblondell1o,Estandar
bmassy1p,Estandar
mridett1q,Estandar
ycastelow1r,Estandar
ceverest1s,Estandar
jlindfors1t,Estandar
rphittiplace1u,Novel
gdennistoun1v,Novel
btarbatt1w,Novel
garchibald1x,Novel
jmcelroy1y,Novel
aandrez1z,Novel
pcaney20,Novel
hclimo21,Novel
dmcgeraghty22,Novel
girving23,Novel
ischoltis24,Novel
mspeer25,Novel
mlovie26,Novel
rbenedicte27,Novel
mfitzalan28,Novel
tkermeen29,Novel
jalexis2a,Novel
vbazell2b,Novel
ppaur2c,Novel
skneel2d,Novel
dsearch2e,Novel
tloton2f,Novel
soreagan2g,Novel
cpochet2h,Novel
lbudget2i,Novel
rparagreen2j,Novel
lvondracek2k,Novel
cberzen2l,Novel
fdarleston2m,Novel
dmoxham2n,Novel
rchilcott2o,Novel
mmillichip2p,Novel
elattos2q,Novel
ksenechell2r,Novel
rphittiplace1u,Estandar
gdennistoun1v,Estandar
btarbatt1w,Estandar
garchibald1x,Estandar
jmcelroy1y,Estandar
aandrez1z,Estandar
pcaney20,Estandar
hclimo21,Estandar
dmcgeraghty22,Estandar
girving23,Estandar
ischoltis24,Estandar
mspeer25,Estandar
mlovie26,Estandar
rbenedicte27,Estandar
mfitzalan28,Estandar
tkermeen29,Estandar
jalexis2a,Estandar
vbazell2b,Estandar
ppaur2c,Estandar
skneel2d,Estandar
dsearch2e,Estandar
tloton2f,Estandar
soreagan2g,Estandar
cpochet2h,Estandar
lbudget2i,Estandar
rparagreen2j,Estandar
lvondracek2k,Estandar
cberzen2l,Estandar
fdarleston2m,Estandar
dmoxham2n,Estandar
rchilcott2o,Estandar
mmillichip2p,Estandar
elattos2q,Estandar
ksenechell2r,Estandar
rphittiplace1u,Premium
gdennistoun1v,Premium
btarbatt1w,Premium
garchibald1x,Premium
jmcelroy1y,Premium
aandrez1z,Premium
pcaney20,Premium
hclimo21,Premium
dmcgeraghty22,Premium
girving23,Premium
ischoltis24,Premium
mspeer25,Premium
mlovie26,Premium
rbenedicte27,Premium
mfitzalan28,Premium
tkermeen29,Premium
jalexis2a,Premium
vbazell2b,Premium
ppaur2c,Premium
skneel2d,Premium
dsearch2e,Premium
tloton2f,Premium
soreagan2g,Premium
cpochet2h,Premium
lbudget2i,Premium
rparagreen2j,Premium
lvondracek2k,Premium
cberzen2l,Premium
fdarleston2m,Premium
dmoxham2n,Premium
rchilcott2o,Premium
mmillichip2p,Premium
elattos2q,Premium
ksenechell2r,Premium